URL,Status Code,Content-Type,Parent URL
https://www.oxfordscholarlyeditions.com/,403,text/html,https://library.soton.ac.uk/az.php?a=a
https://myaccount.economist.com/s/login/SelfRegister,200,text/html;charset=UTF-8,https://library.soton.ac.uk/az.php?a=a
https://d-econ.org/about-the-d-econ-database/d-econ-database-2/,200,text/html; charset=UTF-8,https://library.soton.ac.uk/az.php?a=a
https://ec.europa.eu/eurostat/data/database,200,text/html;charset=UTF-8,https://library.soton.ac.uk/az.php?a=a
https://www.economist.com/,200,text/html; charset=utf-8,https://library.soton.ac.uk/az.php?a=a
https://apps.spatialni.gov.uk/PRONIApplication/,200,text/html,https://library.soton.ac.uk/az.php?a=a
http://library.soton.ac.uk/tutorials/ebsco,200,text/html; charset=UTF-8,https://library.soton.ac.uk/az.php?a=a
https://www.economist.com/get-the-app,200,text/html; charset=utf-8,https://library.soton.ac.uk/az.php?a=a
"https://soton.idm.oclc.org/login?url=https://search.ebscohost.com/login.aspx?authtype=ip,shib&custid=s3879645&groupid=main&profile=ehost&defaultdb=cul  ",200,text/html,https://library.soton.ac.uk/az.php?a=a
https://www.oxfordscholarlyeditions.com/,403,text/html,https://library.soton.ac.uk/az.php?a=b
https://myaccount.economist.com/s/login/SelfRegister,200,text/html;charset=UTF-8,https://library.soton.ac.uk/az.php?a=b
https://d-econ.org/about-the-d-econ-database/d-econ-database-2/,200,text/html; charset=UTF-8,https://library.soton.ac.uk/az.php?a=b
https://ec.europa.eu/eurostat/data/database,200,text/html;charset=UTF-8,https://library.soton.ac.uk/az.php?a=b
https://www.economist.com/,200,text/html; charset=utf-8,https://library.soton.ac.uk/az.php?a=b
https://apps.spatialni.gov.uk/PRONIApplication/,200,text/html,https://library.soton.ac.uk/az.php?a=b
http://library.soton.ac.uk/tutorials/ebsco,200,text/html; charset=UTF-8,https://library.soton.ac.uk/az.php?a=b
https://www.economist.com/get-the-app,200,text/html; charset=utf-8,https://library.soton.ac.uk/az.php?a=b
"https://soton.idm.oclc.org/login?url=https://search.ebscohost.com/login.aspx?authtype=ip,shib&custid=s3879645&groupid=main&profile=ehost&defaultdb=cul  ",200,text/html,https://library.soton.ac.uk/az.php?a=b
https://www.oxfordscholarlyeditions.com/,403,text/html,https://library.soton.ac.uk/az.php?a=c
https://myaccount.economist.com/s/login/SelfRegister,200,text/html;charset=UTF-8,https://library.soton.ac.uk/az.php?a=c
https://d-econ.org/about-the-d-econ-database/d-econ-database-2/,200,text/html; charset=UTF-8,https://library.soton.ac.uk/az.php?a=c
https://ec.europa.eu/eurostat/data/database,200,text/html;charset=UTF-8,https://library.soton.ac.uk/az.php?a=c
https://www.economist.com/,200,text/html; charset=utf-8,https://library.soton.ac.uk/az.php?a=c
https://apps.spatialni.gov.uk/PRONIApplication/,200,text/html,https://library.soton.ac.uk/az.php?a=c
http://library.soton.ac.uk/tutorials/ebsco,200,text/html; charset=UTF-8,https://library.soton.ac.uk/az.php?a=c
https://www.economist.com/get-the-app,200,text/html; charset=utf-8,https://library.soton.ac.uk/az.php?a=c
"https://soton.idm.oclc.org/login?url=https://search.ebscohost.com/login.aspx?authtype=ip,shib&custid=s3879645&groupid=main&profile=ehost&defaultdb=cul  ",200,text/html,https://library.soton.ac.uk/az.php?a=c
https://www.oxfordscholarlyeditions.com/,403,text/html,https://library.soton.ac.uk/az.php?a=d
https://myaccount.economist.com/s/login/SelfRegister,200,text/html;charset=UTF-8,https://library.soton.ac.uk/az.php?a=d
https://d-econ.org/about-the-d-econ-database/d-econ-database-2/,200,text/html; charset=UTF-8,https://library.soton.ac.uk/az.php?a=d
https://ec.europa.eu/eurostat/data/database,200,text/html;charset=UTF-8,https://library.soton.ac.uk/az.php?a=d
https://www.economist.com/,200,text/html; charset=utf-8,https://library.soton.ac.uk/az.php?a=d
https://apps.spatialni.gov.uk/PRONIApplication/,200,text/html,https://library.soton.ac.uk/az.php?a=d
http://library.soton.ac.uk/tutorials/ebsco,200,text/html; charset=UTF-8,https://library.soton.ac.uk/az.php?a=d
https://www.economist.com/get-the-app,200,text/html; charset=utf-8,https://library.soton.ac.uk/az.php?a=d
"https://soton.idm.oclc.org/login?url=https://search.ebscohost.com/login.aspx?authtype=ip,shib&custid=s3879645&groupid=main&profile=ehost&defaultdb=cul  ",200,text/html,https://library.soton.ac.uk/az.php?a=d
https://www.oxfordscholarlyeditions.com/,403,text/html,https://library.soton.ac.uk/az.php?a=e
https://myaccount.economist.com/s/login/SelfRegister,200,text/html;charset=UTF-8,https://library.soton.ac.uk/az.php?a=e
https://d-econ.org/about-the-d-econ-database/d-econ-database-2/,200,text/html; charset=UTF-8,https://library.soton.ac.uk/az.php?a=e
https://ec.europa.eu/eurostat/data/database,200,text/html;charset=UTF-8,https://library.soton.ac.uk/az.php?a=e
https://www.economist.com/,200,text/html; charset=utf-8,https://library.soton.ac.uk/az.php?a=e
https://apps.spatialni.gov.uk/PRONIApplication/,200,text/html,https://library.soton.ac.uk/az.php?a=e
http://library.soton.ac.uk/tutorials/ebsco,200,text/html; charset=UTF-8,https://library.soton.ac.uk/az.php?a=e
https://www.economist.com/get-the-app,200,text/html; charset=utf-8,https://library.soton.ac.uk/az.php?a=e
"https://soton.idm.oclc.org/login?url=https://search.ebscohost.com/login.aspx?authtype=ip,shib&custid=s3879645&groupid=main&profile=ehost&defaultdb=cul  ",200,text/html,https://library.soton.ac.uk/az.php?a=e
https://www.oxfordscholarlyeditions.com/,403,text/html,https://library.soton.ac.uk/az.php?a=f
https://myaccount.economist.com/s/login/SelfRegister,200,text/html;charset=UTF-8,https://library.soton.ac.uk/az.php?a=f
https://d-econ.org/about-the-d-econ-database/d-econ-database-2/,200,text/html; charset=UTF-8,https://library.soton.ac.uk/az.php?a=f
https://ec.europa.eu/eurostat/data/database,200,text/html;charset=UTF-8,https://library.soton.ac.uk/az.php?a=f
https://www.economist.com/,200,text/html; charset=utf-8,https://library.soton.ac.uk/az.php?a=f
https://apps.spatialni.gov.uk/PRONIApplication/,200,text/html,https://library.soton.ac.uk/az.php?a=f
http://library.soton.ac.uk/tutorials/ebsco,200,text/html; charset=UTF-8,https://library.soton.ac.uk/az.php?a=f
https://www.economist.com/get-the-app,200,text/html; charset=utf-8,https://library.soton.ac.uk/az.php?a=f
"https://soton.idm.oclc.org/login?url=https://search.ebscohost.com/login.aspx?authtype=ip,shib&custid=s3879645&groupid=main&profile=ehost&defaultdb=cul  ",200,text/html,https://library.soton.ac.uk/az.php?a=f
https://www.oxfordscholarlyeditions.com/,403,text/html,https://library.soton.ac.uk/az.php?a=g
https://myaccount.economist.com/s/login/SelfRegister,200,text/html;charset=UTF-8,https://library.soton.ac.uk/az.php?a=g
https://d-econ.org/about-the-d-econ-database/d-econ-database-2/,429,text/html,https://library.soton.ac.uk/az.php?a=g
https://ec.europa.eu/eurostat/data/database,200,text/html;charset=UTF-8,https://library.soton.ac.uk/az.php?a=g
https://www.economist.com/,200,text/html; charset=utf-8,https://library.soton.ac.uk/az.php?a=g
https://apps.spatialni.gov.uk/PRONIApplication/,200,text/html,https://library.soton.ac.uk/az.php?a=g
http://library.soton.ac.uk/tutorials/ebsco,200,text/html; charset=UTF-8,https://library.soton.ac.uk/az.php?a=g
https://www.economist.com/get-the-app,200,text/html; charset=utf-8,https://library.soton.ac.uk/az.php?a=g
"https://soton.idm.oclc.org/login?url=https://search.ebscohost.com/login.aspx?authtype=ip,shib&custid=s3879645&groupid=main&profile=ehost&defaultdb=cul  ",200,text/html,https://library.soton.ac.uk/az.php?a=g
https://www.oxfordscholarlyeditions.com/,403,text/html,https://library.soton.ac.uk/az.php?a=h
https://myaccount.economist.com/s/login/SelfRegister,200,text/html;charset=UTF-8,https://library.soton.ac.uk/az.php?a=h
https://d-econ.org/about-the-d-econ-database/d-econ-database-2/,200,text/html; charset=UTF-8,https://library.soton.ac.uk/az.php?a=h
https://ec.europa.eu/eurostat/data/database,200,text/html;charset=UTF-8,https://library.soton.ac.uk/az.php?a=h
https://www.economist.com/,200,text/html; charset=utf-8,https://library.soton.ac.uk/az.php?a=h
https://apps.spatialni.gov.uk/PRONIApplication/,200,text/html,https://library.soton.ac.uk/az.php?a=h
http://library.soton.ac.uk/tutorials/ebsco,200,text/html; charset=UTF-8,https://library.soton.ac.uk/az.php?a=h
https://www.economist.com/get-the-app,200,text/html; charset=utf-8,https://library.soton.ac.uk/az.php?a=h
"https://soton.idm.oclc.org/login?url=https://search.ebscohost.com/login.aspx?authtype=ip,shib&custid=s3879645&groupid=main&profile=ehost&defaultdb=cul  ",200,text/html,https://library.soton.ac.uk/az.php?a=h
https://www.oxfordscholarlyeditions.com/,403,text/html,https://library.soton.ac.uk/az.php?a=i
https://myaccount.economist.com/s/login/SelfRegister,200,text/html;charset=UTF-8,https://library.soton.ac.uk/az.php?a=i
https://d-econ.org/about-the-d-econ-database/d-econ-database-2/,200,text/html; charset=UTF-8,https://library.soton.ac.uk/az.php?a=i
https://ec.europa.eu/eurostat/data/database,200,text/html;charset=UTF-8,https://library.soton.ac.uk/az.php?a=i
https://www.economist.com/,200,text/html; charset=utf-8,https://library.soton.ac.uk/az.php?a=i
https://apps.spatialni.gov.uk/PRONIApplication/,200,text/html,https://library.soton.ac.uk/az.php?a=i
http://library.soton.ac.uk/tutorials/ebsco,200,text/html; charset=UTF-8,https://library.soton.ac.uk/az.php?a=i
https://www.economist.com/get-the-app,200,text/html; charset=utf-8,https://library.soton.ac.uk/az.php?a=i
"https://soton.idm.oclc.org/login?url=https://search.ebscohost.com/login.aspx?authtype=ip,shib&custid=s3879645&groupid=main&profile=ehost&defaultdb=cul  ",200,text/html,https://library.soton.ac.uk/az.php?a=i
https://www.oxfordscholarlyeditions.com/,403,text/html,https://library.soton.ac.uk/az.php?a=j
https://myaccount.economist.com/s/login/SelfRegister,200,text/html;charset=UTF-8,https://library.soton.ac.uk/az.php?a=j
https://d-econ.org/about-the-d-econ-database/d-econ-database-2/,200,text/html; charset=UTF-8,https://library.soton.ac.uk/az.php?a=j
https://ec.europa.eu/eurostat/data/database,200,text/html;charset=UTF-8,https://library.soton.ac.uk/az.php?a=j
https://www.economist.com/,200,text/html; charset=utf-8,https://library.soton.ac.uk/az.php?a=j
https://apps.spatialni.gov.uk/PRONIApplication/,200,text/html,https://library.soton.ac.uk/az.php?a=j
http://library.soton.ac.uk/tutorials/ebsco,200,text/html; charset=UTF-8,https://library.soton.ac.uk/az.php?a=j
https://www.economist.com/get-the-app,200,text/html; charset=utf-8,https://library.soton.ac.uk/az.php?a=j
"https://soton.idm.oclc.org/login?url=https://search.ebscohost.com/login.aspx?authtype=ip,shib&custid=s3879645&groupid=main&profile=ehost&defaultdb=cul  ",200,text/html,https://library.soton.ac.uk/az.php?a=j
https://www.oxfordscholarlyeditions.com/,403,text/html,https://library.soton.ac.uk/az.php?a=k
https://myaccount.economist.com/s/login/SelfRegister,200,text/html;charset=UTF-8,https://library.soton.ac.uk/az.php?a=k
https://d-econ.org/about-the-d-econ-database/d-econ-database-2/,200,text/html; charset=UTF-8,https://library.soton.ac.uk/az.php?a=k
https://ec.europa.eu/eurostat/data/database,200,text/html;charset=UTF-8,https://library.soton.ac.uk/az.php?a=k
https://www.economist.com/,200,text/html; charset=utf-8,https://library.soton.ac.uk/az.php?a=k
https://apps.spatialni.gov.uk/PRONIApplication/,200,text/html,https://library.soton.ac.uk/az.php?a=k
http://library.soton.ac.uk/tutorials/ebsco,200,text/html; charset=UTF-8,https://library.soton.ac.uk/az.php?a=k
https://www.economist.com/get-the-app,200,text/html; charset=utf-8,https://library.soton.ac.uk/az.php?a=k
"https://soton.idm.oclc.org/login?url=https://search.ebscohost.com/login.aspx?authtype=ip,shib&custid=s3879645&groupid=main&profile=ehost&defaultdb=cul  ",200,text/html,https://library.soton.ac.uk/az.php?a=k
https://www.oxfordscholarlyeditions.com/,403,text/html,https://library.soton.ac.uk/az.php?a=l
https://myaccount.economist.com/s/login/SelfRegister,200,text/html;charset=UTF-8,https://library.soton.ac.uk/az.php?a=l
https://d-econ.org/about-the-d-econ-database/d-econ-database-2/,200,text/html; charset=UTF-8,https://library.soton.ac.uk/az.php?a=l
https://ec.europa.eu/eurostat/data/database,200,text/html;charset=UTF-8,https://library.soton.ac.uk/az.php?a=l
https://www.economist.com/,200,text/html; charset=utf-8,https://library.soton.ac.uk/az.php?a=l
https://apps.spatialni.gov.uk/PRONIApplication/,200,text/html,https://library.soton.ac.uk/az.php?a=l
http://library.soton.ac.uk/tutorials/ebsco,200,text/html; charset=UTF-8,https://library.soton.ac.uk/az.php?a=l
https://www.economist.com/get-the-app,200,text/html; charset=utf-8,https://library.soton.ac.uk/az.php?a=l
"https://soton.idm.oclc.org/login?url=https://search.ebscohost.com/login.aspx?authtype=ip,shib&custid=s3879645&groupid=main&profile=ehost&defaultdb=cul  ",200,text/html,https://library.soton.ac.uk/az.php?a=l
https://www.oxfordscholarlyeditions.com/,403,text/html,https://library.soton.ac.uk/az.php?a=m
https://myaccount.economist.com/s/login/SelfRegister,200,text/html;charset=UTF-8,https://library.soton.ac.uk/az.php?a=m
https://d-econ.org/about-the-d-econ-database/d-econ-database-2/,200,text/html; charset=UTF-8,https://library.soton.ac.uk/az.php?a=m
https://ec.europa.eu/eurostat/data/database,200,text/html;charset=UTF-8,https://library.soton.ac.uk/az.php?a=m
https://www.economist.com/,200,text/html; charset=utf-8,https://library.soton.ac.uk/az.php?a=m
https://apps.spatialni.gov.uk/PRONIApplication/,200,text/html,https://library.soton.ac.uk/az.php?a=m
http://library.soton.ac.uk/tutorials/ebsco,200,text/html; charset=UTF-8,https://library.soton.ac.uk/az.php?a=m
https://www.economist.com/get-the-app,200,text/html; charset=utf-8,https://library.soton.ac.uk/az.php?a=m
"https://soton.idm.oclc.org/login?url=https://search.ebscohost.com/login.aspx?authtype=ip,shib&custid=s3879645&groupid=main&profile=ehost&defaultdb=cul  ",200,text/html,https://library.soton.ac.uk/az.php?a=m
https://www.oxfordscholarlyeditions.com/,403,text/html,https://library.soton.ac.uk/az.php?a=n
https://myaccount.economist.com/s/login/SelfRegister,200,text/html;charset=UTF-8,https://library.soton.ac.uk/az.php?a=n
https://d-econ.org/about-the-d-econ-database/d-econ-database-2/,200,text/html; charset=UTF-8,https://library.soton.ac.uk/az.php?a=n
https://ec.europa.eu/eurostat/data/database,200,text/html;charset=UTF-8,https://library.soton.ac.uk/az.php?a=n
https://www.economist.com/,200,text/html; charset=utf-8,https://library.soton.ac.uk/az.php?a=n
https://apps.spatialni.gov.uk/PRONIApplication/,200,text/html,https://library.soton.ac.uk/az.php?a=n
http://library.soton.ac.uk/tutorials/ebsco,200,text/html; charset=UTF-8,https://library.soton.ac.uk/az.php?a=n
https://www.economist.com/get-the-app,200,text/html; charset=utf-8,https://library.soton.ac.uk/az.php?a=n
"https://soton.idm.oclc.org/login?url=https://search.ebscohost.com/login.aspx?authtype=ip,shib&custid=s3879645&groupid=main&profile=ehost&defaultdb=cul  ",200,text/html,https://library.soton.ac.uk/az.php?a=n
https://www.oxfordscholarlyeditions.com/,403,text/html,https://library.soton.ac.uk/az.php?a=o
https://myaccount.economist.com/s/login/SelfRegister,200,text/html;charset=UTF-8,https://library.soton.ac.uk/az.php?a=o
https://d-econ.org/about-the-d-econ-database/d-econ-database-2/,200,text/html; charset=UTF-8,https://library.soton.ac.uk/az.php?a=o
https://ec.europa.eu/eurostat/data/database,200,text/html;charset=UTF-8,https://library.soton.ac.uk/az.php?a=o
https://www.economist.com/,200,text/html; charset=utf-8,https://library.soton.ac.uk/az.php?a=o
https://apps.spatialni.gov.uk/PRONIApplication/,200,text/html,https://library.soton.ac.uk/az.php?a=o
http://library.soton.ac.uk/tutorials/ebsco,200,text/html; charset=UTF-8,https://library.soton.ac.uk/az.php?a=o
https://www.economist.com/get-the-app,200,text/html; charset=utf-8,https://library.soton.ac.uk/az.php?a=o
"https://soton.idm.oclc.org/login?url=https://search.ebscohost.com/login.aspx?authtype=ip,shib&custid=s3879645&groupid=main&profile=ehost&defaultdb=cul  ",200,text/html,https://library.soton.ac.uk/az.php?a=o
https://www.oxfordscholarlyeditions.com/,403,text/html,https://library.soton.ac.uk/az.php?a=p
https://myaccount.economist.com/s/login/SelfRegister,200,text/html;charset=UTF-8,https://library.soton.ac.uk/az.php?a=p
https://d-econ.org/about-the-d-econ-database/d-econ-database-2/,200,text/html; charset=UTF-8,https://library.soton.ac.uk/az.php?a=p
https://ec.europa.eu/eurostat/data/database,200,text/html;charset=UTF-8,https://library.soton.ac.uk/az.php?a=p
https://www.economist.com/,200,text/html; charset=utf-8,https://library.soton.ac.uk/az.php?a=p
https://apps.spatialni.gov.uk/PRONIApplication/,200,text/html,https://library.soton.ac.uk/az.php?a=p
http://library.soton.ac.uk/tutorials/ebsco,200,text/html; charset=UTF-8,https://library.soton.ac.uk/az.php?a=p
https://www.economist.com/get-the-app,200,text/html; charset=utf-8,https://library.soton.ac.uk/az.php?a=p
"https://soton.idm.oclc.org/login?url=https://search.ebscohost.com/login.aspx?authtype=ip,shib&custid=s3879645&groupid=main&profile=ehost&defaultdb=cul  ",200,text/html,https://library.soton.ac.uk/az.php?a=p
https://www.oxfordscholarlyeditions.com/,403,text/html,https://library.soton.ac.uk/az.php?a=q
https://myaccount.economist.com/s/login/SelfRegister,200,text/html;charset=UTF-8,https://library.soton.ac.uk/az.php?a=q
https://d-econ.org/about-the-d-econ-database/d-econ-database-2/,429,text/html,https://library.soton.ac.uk/az.php?a=q
https://ec.europa.eu/eurostat/data/database,200,text/html;charset=UTF-8,https://library.soton.ac.uk/az.php?a=q
https://www.economist.com/,200,text/html; charset=utf-8,https://library.soton.ac.uk/az.php?a=q
https://apps.spatialni.gov.uk/PRONIApplication/,200,text/html,https://library.soton.ac.uk/az.php?a=q
http://library.soton.ac.uk/tutorials/ebsco,200,text/html; charset=UTF-8,https://library.soton.ac.uk/az.php?a=q
https://www.economist.com/get-the-app,200,text/html; charset=utf-8,https://library.soton.ac.uk/az.php?a=q
"https://soton.idm.oclc.org/login?url=https://search.ebscohost.com/login.aspx?authtype=ip,shib&custid=s3879645&groupid=main&profile=ehost&defaultdb=cul  ",200,text/html,https://library.soton.ac.uk/az.php?a=q
https://www.oxfordscholarlyeditions.com/,403,text/html,https://library.soton.ac.uk/az.php?a=r
https://myaccount.economist.com/s/login/SelfRegister,200,text/html;charset=UTF-8,https://library.soton.ac.uk/az.php?a=r
https://d-econ.org/about-the-d-econ-database/d-econ-database-2/,200,text/html; charset=UTF-8,https://library.soton.ac.uk/az.php?a=r
https://ec.europa.eu/eurostat/data/database,200,text/html;charset=UTF-8,https://library.soton.ac.uk/az.php?a=r
https://www.economist.com/,200,text/html; charset=utf-8,https://library.soton.ac.uk/az.php?a=r
https://apps.spatialni.gov.uk/PRONIApplication/,200,text/html,https://library.soton.ac.uk/az.php?a=r
http://library.soton.ac.uk/tutorials/ebsco,200,text/html; charset=UTF-8,https://library.soton.ac.uk/az.php?a=r
https://www.economist.com/get-the-app,200,text/html; charset=utf-8,https://library.soton.ac.uk/az.php?a=r
"https://soton.idm.oclc.org/login?url=https://search.ebscohost.com/login.aspx?authtype=ip,shib&custid=s3879645&groupid=main&profile=ehost&defaultdb=cul  ",200,text/html,https://library.soton.ac.uk/az.php?a=r
https://www.oxfordscholarlyeditions.com/,403,text/html,https://library.soton.ac.uk/az.php?a=s
https://myaccount.economist.com/s/login/SelfRegister,200,text/html;charset=UTF-8,https://library.soton.ac.uk/az.php?a=s
https://d-econ.org/about-the-d-econ-database/d-econ-database-2/,200,text/html; charset=UTF-8,https://library.soton.ac.uk/az.php?a=s
https://ec.europa.eu/eurostat/data/database,200,text/html;charset=UTF-8,https://library.soton.ac.uk/az.php?a=s
https://www.economist.com/,200,text/html; charset=utf-8,https://library.soton.ac.uk/az.php?a=s
https://apps.spatialni.gov.uk/PRONIApplication/,200,text/html,https://library.soton.ac.uk/az.php?a=s
http://library.soton.ac.uk/tutorials/ebsco,200,text/html; charset=UTF-8,https://library.soton.ac.uk/az.php?a=s
https://www.economist.com/get-the-app,200,text/html; charset=utf-8,https://library.soton.ac.uk/az.php?a=s
"https://soton.idm.oclc.org/login?url=https://search.ebscohost.com/login.aspx?authtype=ip,shib&custid=s3879645&groupid=main&profile=ehost&defaultdb=cul  ",200,text/html,https://library.soton.ac.uk/az.php?a=s
https://www.oxfordscholarlyeditions.com/,403,text/html,https://library.soton.ac.uk/az.php?a=t
https://myaccount.economist.com/s/login/SelfRegister,200,text/html;charset=UTF-8,https://library.soton.ac.uk/az.php?a=t
https://d-econ.org/about-the-d-econ-database/d-econ-database-2/,200,text/html; charset=UTF-8,https://library.soton.ac.uk/az.php?a=t
https://ec.europa.eu/eurostat/data/database,200,text/html;charset=UTF-8,https://library.soton.ac.uk/az.php?a=t
https://www.economist.com/,200,text/html; charset=utf-8,https://library.soton.ac.uk/az.php?a=t
https://apps.spatialni.gov.uk/PRONIApplication/,200,text/html,https://library.soton.ac.uk/az.php?a=t
http://library.soton.ac.uk/tutorials/ebsco,200,text/html; charset=UTF-8,https://library.soton.ac.uk/az.php?a=t
https://www.economist.com/get-the-app,200,text/html; charset=utf-8,https://library.soton.ac.uk/az.php?a=t
"https://soton.idm.oclc.org/login?url=https://search.ebscohost.com/login.aspx?authtype=ip,shib&custid=s3879645&groupid=main&profile=ehost&defaultdb=cul  ",200,text/html,https://library.soton.ac.uk/az.php?a=t
https://www.oxfordscholarlyeditions.com/,403,text/html,https://library.soton.ac.uk/az.php?a=u
https://myaccount.economist.com/s/login/SelfRegister,200,text/html;charset=UTF-8,https://library.soton.ac.uk/az.php?a=u
https://d-econ.org/about-the-d-econ-database/d-econ-database-2/,200,text/html; charset=UTF-8,https://library.soton.ac.uk/az.php?a=u
https://ec.europa.eu/eurostat/data/database,200,text/html;charset=UTF-8,https://library.soton.ac.uk/az.php?a=u
https://www.economist.com/,200,text/html; charset=utf-8,https://library.soton.ac.uk/az.php?a=u
https://apps.spatialni.gov.uk/PRONIApplication/,200,text/html,https://library.soton.ac.uk/az.php?a=u
http://library.soton.ac.uk/tutorials/ebsco,200,text/html; charset=UTF-8,https://library.soton.ac.uk/az.php?a=u
https://www.economist.com/get-the-app,200,text/html; charset=utf-8,https://library.soton.ac.uk/az.php?a=u
"https://soton.idm.oclc.org/login?url=https://search.ebscohost.com/login.aspx?authtype=ip,shib&custid=s3879645&groupid=main&profile=ehost&defaultdb=cul  ",200,text/html,https://library.soton.ac.uk/az.php?a=u
https://www.oxfordscholarlyeditions.com/,403,text/html,https://library.soton.ac.uk/az.php?a=v
https://myaccount.economist.com/s/login/SelfRegister,200,text/html;charset=UTF-8,https://library.soton.ac.uk/az.php?a=v
https://d-econ.org/about-the-d-econ-database/d-econ-database-2/,200,text/html; charset=UTF-8,https://library.soton.ac.uk/az.php?a=v
https://ec.europa.eu/eurostat/data/database,200,text/html;charset=UTF-8,https://library.soton.ac.uk/az.php?a=v
https://www.economist.com/,200,text/html; charset=utf-8,https://library.soton.ac.uk/az.php?a=v
https://apps.spatialni.gov.uk/PRONIApplication/,200,text/html,https://library.soton.ac.uk/az.php?a=v
http://library.soton.ac.uk/tutorials/ebsco,200,text/html; charset=UTF-8,https://library.soton.ac.uk/az.php?a=v
https://www.economist.com/get-the-app,200,text/html; charset=utf-8,https://library.soton.ac.uk/az.php?a=v
"https://soton.idm.oclc.org/login?url=https://search.ebscohost.com/login.aspx?authtype=ip,shib&custid=s3879645&groupid=main&profile=ehost&defaultdb=cul  ",200,text/html,https://library.soton.ac.uk/az.php?a=v
https://www.oxfordscholarlyeditions.com/,403,text/html,https://library.soton.ac.uk/az.php?a=w
https://myaccount.economist.com/s/login/SelfRegister,200,text/html;charset=UTF-8,https://library.soton.ac.uk/az.php?a=w
https://d-econ.org/about-the-d-econ-database/d-econ-database-2/,200,text/html; charset=UTF-8,https://library.soton.ac.uk/az.php?a=w
https://ec.europa.eu/eurostat/data/database,200,text/html;charset=UTF-8,https://library.soton.ac.uk/az.php?a=w
https://www.economist.com/,200,text/html; charset=utf-8,https://library.soton.ac.uk/az.php?a=w
https://apps.spatialni.gov.uk/PRONIApplication/,200,text/html,https://library.soton.ac.uk/az.php?a=w
http://library.soton.ac.uk/tutorials/ebsco,200,text/html; charset=UTF-8,https://library.soton.ac.uk/az.php?a=w
https://www.economist.com/get-the-app,200,text/html; charset=utf-8,https://library.soton.ac.uk/az.php?a=w
"https://soton.idm.oclc.org/login?url=https://search.ebscohost.com/login.aspx?authtype=ip,shib&custid=s3879645&groupid=main&profile=ehost&defaultdb=cul  ",200,text/html,https://library.soton.ac.uk/az.php?a=w
https://www.oxfordscholarlyeditions.com/,403,text/html,https://library.soton.ac.uk/az.php?a=x
https://myaccount.economist.com/s/login/SelfRegister,200,text/html;charset=UTF-8,https://library.soton.ac.uk/az.php?a=x
https://d-econ.org/about-the-d-econ-database/d-econ-database-2/,200,text/html; charset=UTF-8,https://library.soton.ac.uk/az.php?a=x
https://ec.europa.eu/eurostat/data/database,200,text/html;charset=UTF-8,https://library.soton.ac.uk/az.php?a=x
https://www.economist.com/,200,text/html; charset=utf-8,https://library.soton.ac.uk/az.php?a=x
https://apps.spatialni.gov.uk/PRONIApplication/,200,text/html,https://library.soton.ac.uk/az.php?a=x
http://library.soton.ac.uk/tutorials/ebsco,200,text/html; charset=UTF-8,https://library.soton.ac.uk/az.php?a=x
https://www.economist.com/get-the-app,200,text/html; charset=utf-8,https://library.soton.ac.uk/az.php?a=x
"https://soton.idm.oclc.org/login?url=https://search.ebscohost.com/login.aspx?authtype=ip,shib&custid=s3879645&groupid=main&profile=ehost&defaultdb=cul  ",200,text/html,https://library.soton.ac.uk/az.php?a=x
https://www.oxfordscholarlyeditions.com/,403,text/html,https://library.soton.ac.uk/az.php?a=y
https://myaccount.economist.com/s/login/SelfRegister,200,text/html;charset=UTF-8,https://library.soton.ac.uk/az.php?a=y
https://d-econ.org/about-the-d-econ-database/d-econ-database-2/,200,text/html; charset=UTF-8,https://library.soton.ac.uk/az.php?a=y
https://ec.europa.eu/eurostat/data/database,200,text/html;charset=UTF-8,https://library.soton.ac.uk/az.php?a=y
https://www.economist.com/,200,text/html; charset=utf-8,https://library.soton.ac.uk/az.php?a=y
https://apps.spatialni.gov.uk/PRONIApplication/,200,text/html,https://library.soton.ac.uk/az.php?a=y
http://library.soton.ac.uk/tutorials/ebsco,200,text/html; charset=UTF-8,https://library.soton.ac.uk/az.php?a=y
https://www.economist.com/get-the-app,200,text/html; charset=utf-8,https://library.soton.ac.uk/az.php?a=y
"https://soton.idm.oclc.org/login?url=https://search.ebscohost.com/login.aspx?authtype=ip,shib&custid=s3879645&groupid=main&profile=ehost&defaultdb=cul  ",200,text/html,https://library.soton.ac.uk/az.php?a=y
https://www.oxfordscholarlyeditions.com/,403,text/html,https://library.soton.ac.uk/az.php?a=z
https://myaccount.economist.com/s/login/SelfRegister,200,text/html;charset=UTF-8,https://library.soton.ac.uk/az.php?a=z
https://d-econ.org/about-the-d-econ-database/d-econ-database-2/,200,text/html; charset=UTF-8,https://library.soton.ac.uk/az.php?a=z
https://ec.europa.eu/eurostat/data/database,200,text/html;charset=UTF-8,https://library.soton.ac.uk/az.php?a=z
https://www.economist.com/,200,text/html; charset=utf-8,https://library.soton.ac.uk/az.php?a=z
https://apps.spatialni.gov.uk/PRONIApplication/,200,text/html,https://library.soton.ac.uk/az.php?a=z
http://library.soton.ac.uk/tutorials/ebsco,200,text/html; charset=UTF-8,https://library.soton.ac.uk/az.php?a=z
https://www.economist.com/get-the-app,200,text/html; charset=utf-8,https://library.soton.ac.uk/az.php?a=z
"https://soton.idm.oclc.org/login?url=https://search.ebscohost.com/login.aspx?authtype=ip,shib&custid=s3879645&groupid=main&profile=ehost&defaultdb=cul  ",200,text/html,https://library.soton.ac.uk/az.php?a=z
https://www.oxfordscholarlyeditions.com/,403,text/html,https://library.soton.ac.uk/az.php?a=other
https://myaccount.economist.com/s/login/SelfRegister,200,text/html;charset=UTF-8,https://library.soton.ac.uk/az.php?a=other
https://d-econ.org/about-the-d-econ-database/d-econ-database-2/,200,text/html; charset=UTF-8,https://library.soton.ac.uk/az.php?a=other
https://ec.europa.eu/eurostat/data/database,200,text/html;charset=UTF-8,https://library.soton.ac.uk/az.php?a=other
https://www.economist.com/,200,text/html; charset=utf-8,https://library.soton.ac.uk/az.php?a=other
https://apps.spatialni.gov.uk/PRONIApplication/,200,text/html,https://library.soton.ac.uk/az.php?a=other
http://library.soton.ac.uk/tutorials/ebsco,200,text/html; charset=UTF-8,https://library.soton.ac.uk/az.php?a=other
https://www.economist.com/get-the-app,200,text/html; charset=utf-8,https://library.soton.ac.uk/az.php?a=other
"https://soton.idm.oclc.org/login?url=https://search.ebscohost.com/login.aspx?authtype=ip,shib&custid=s3879645&groupid=main&profile=ehost&defaultdb=cul  ",200,text/html,https://library.soton.ac.uk/az.php?a=other
